dundasChartControl1_DRG_DataRowGrouping1_label,dundasChartControl1_DRG_DataRowGrouping1_dundasChartControl1_DCG_Period1_label,dundasChartControl1_DRG_DataRowGrouping1_dundasChartControl1_DCG_Period1_Value_X,dundasChartControl1_DRG_DataRowGrouping1_dundasChartControl1_DCG_Period1_Value_Y
1 week,May,05/02/2023 00:00:00,2.91
1 week,May,05/03/2023 00:00:00,2.91
1 week,May,05/04/2023 00:00:00,2.902
1 week,May,05/05/2023 00:00:00,2.95
1 week,May,05/08/2023 00:00:00,3.012
1 week,May,05/09/2023 00:00:00,3.078
1 week,May,05/10/2023 00:00:00,3.096
1 week,May,05/11/2023 00:00:00,3.126
1 week,May,05/12/2023 00:00:00,3.127
1 week,May,05/15/2023 00:00:00,3.145
1 week,May,05/16/2023 00:00:00,3.147
1 week,May,05/17/2023 00:00:00,3.112
1 week,May,05/18/2023 00:00:00,3.137
1 week,May,05/19/2023 00:00:00,3.129
1 week,May,05/22/2023 00:00:00,3.132
1 week,May,05/23/2023 00:00:00,3.152
1 week,May,05/24/2023 00:00:00,3.115
1 week,May,05/25/2023 00:00:00,3.152
1 week,May,05/26/2023 00:00:00,3.125
1 week,May,05/29/2023 00:00:00,3.146
1 week,May,05/30/2023 00:00:00,3.14
1 week,May,05/31/2023 00:00:00,3.122
1 week,June,06/01/2023 00:00:00,3.154
1 week,June,06/02/2023 00:00:00,3.121
1 week,June,06/05/2023 00:00:00,3.134
1 week,June,06/06/2023 00:00:00,3.152
1 week,June,06/07/2023 00:00:00,3.136
1 week,June,06/08/2023 00:00:00,3.153
1 week,June,06/09/2023 00:00:00,3.128
1 week,June,06/12/2023 00:00:00,3.136
1 week,June,06/13/2023 00:00:00,3.131
1 week,June,06/14/2023 00:00:00,3.159
1 week,June,06/15/2023 00:00:00,3.202
1 week,June,06/16/2023 00:00:00,3.234
1 week,June,06/19/2023 00:00:00,3.209
1 week,June,06/20/2023 00:00:00,3.312
1 week,June,06/21/2023 00:00:00,3.363
1 week,June,06/22/2023 00:00:00,3.401
1 week,June,06/23/2023 00:00:00,3.396
1 week,June,06/26/2023 00:00:00,3.382
1 week,June,06/27/2023 00:00:00,3.394
1 week,June,06/28/2023 00:00:00,3.391
1 week,June,06/29/2023 00:00:00,3.415
1 week,June,06/30/2023 00:00:00,3.362
1 week,July,07/03/2023 00:00:00,3.388
1 week,July,07/04/2023 00:00:00,3.378
1 week,July,07/05/2023 00:00:00,3.388
1 week,July,07/06/2023 00:00:00,3.398
1 week,July,07/07/2023 00:00:00,3.393
1 week,July,07/10/2023 00:00:00,3.395
1 week,July,07/11/2023 00:00:00,3.386
1 week,July,07/12/2023 00:00:00,3.387
1 week,July,07/13/2023 00:00:00,3.391
1 week,July,07/14/2023 00:00:00,3.393
1 week,July,07/17/2023 00:00:00,3.381
1 week,July,07/18/2023 00:00:00,3.379
1 week,July,07/19/2023 00:00:00,3.395
1 week,July,07/20/2023 00:00:00,3.402
1 week,July,07/21/2023 00:00:00,3.394
1 week,July,07/24/2023 00:00:00,3.401
1 week,July,07/25/2023 00:00:00,3.392
1 week,July,07/26/2023 00:00:00,3.401
1 week,July,07/27/2023 00:00:00,3.422
1 week,July,07/28/2023 00:00:00,3.465
1 week,July,07/31/2023 00:00:00,3.455
1 week,August,08/01/2023 00:00:00,3.532
1 week,August,08/02/2023 00:00:00,3.61
1 week,August,08/03/2023 00:00:00,3.638
1 week,August,08/04/2023 00:00:00,3.643
1 week,August,08/07/2023 00:00:00,3.637
1 week,August,08/08/2023 00:00:00,3.64
1 week,August,08/09/2023 00:00:00,3.647
1 week,August,08/10/2023 00:00:00,3.647
1 week,August,08/11/2023 00:00:00,3.628
1 week,August,08/14/2023 00:00:00,3.641
1 week,August,08/15/2023 00:00:00,3.608
1 week,August,08/16/2023 00:00:00,3.637
1 week,August,08/17/2023 00:00:00,3.64
1 week,August,08/18/2023 00:00:00,3.634
1 week,August,08/21/2023 00:00:00,3.631
1 week,August,08/22/2023 00:00:00,3.628
1 week,August,08/23/2023 00:00:00,3.64
1 week,August,08/24/2023 00:00:00,3.638
1 week,August,08/25/2023 00:00:00,3.648
1 week,August,08/28/2023 00:00:00,3.628
1 week,August,08/29/2023 00:00:00,3.638
1 week,August,08/30/2023 00:00:00,3.651
1 week,August,08/31/2023 00:00:00,3.645
1 week,September,09/01/2023 00:00:00,3.642
1 week,September,09/04/2023 00:00:00,3.636
1 week,September,09/05/2023 00:00:00,3.622
1 week,September,09/06/2023 00:00:00,3.628
1 week,September,09/07/2023 00:00:00,3.645
1 week,September,09/08/2023 00:00:00,3.659
1 week,September,09/11/2023 00:00:00,3.639
1 week,September,09/12/2023 00:00:00,3.632
1 week,September,09/13/2023 00:00:00,3.651
1 week,September,09/14/2023 00:00:00,3.674
1 week,September,09/15/2023 00:00:00,3.69
1 week,September,09/18/2023 00:00:00,3.715
1 week,September,09/19/2023 00:00:00,3.777
1 week,September,09/20/2023 00:00:00,3.878
1 week,September,09/21/2023 00:00:00,3.895
1 week,September,09/22/2023 00:00:00,3.875
1 week,September,09/25/2023 00:00:00,3.883
1 week,September,09/26/2023 00:00:00,3.882
1 week,September,09/27/2023 00:00:00,3.881
1 week,September,09/28/2023 00:00:00,3.892
1 week,September,09/29/2023 00:00:00,3.872
1 week,October,10/02/2023 00:00:00,3.858
1 week,October,10/03/2023 00:00:00,3.889
1 week,October,10/04/2023 00:00:00,3.885
1 week,October,10/05/2023 00:00:00,3.885
1 week,October,10/06/2023 00:00:00,3.898
1 week,October,10/09/2023 00:00:00,3.896
1 week,October,10/10/2023 00:00:00,3.878
1 week,October,10/11/2023 00:00:00,3.897
1 week,October,10/12/2023 00:00:00,3.882
1 week,October,10/13/2023 00:00:00,3.874
1 week,October,10/16/2023 00:00:00,3.862
1 week,October,10/17/2023 00:00:00,3.876
1 week,October,10/18/2023 00:00:00,3.891
1 week,October,10/19/2023 00:00:00,3.879
1 week,October,10/20/2023 00:00:00,3.89
1 week,October,10/23/2023 00:00:00,3.883
1 week,October,10/24/2023 00:00:00,3.88
1 week,October,10/25/2023 00:00:00,3.875
1 week,October,10/26/2023 00:00:00,3.881
1 week,October,10/27/2023 00:00:00,3.872
1 week,October,10/30/2023 00:00:00,3.883
1 week,October,10/31/2023 00:00:00,3.887
1 month,May,05/02/2023 00:00:00,3.093
1 month,May,05/03/2023 00:00:00,3.088
1 month,May,05/04/2023 00:00:00,3.112
1 month,May,05/05/2023 00:00:00,3.099
1 month,May,05/08/2023 00:00:00,3.138
1 month,May,05/09/2023 00:00:00,3.161
1 month,May,05/10/2023 00:00:00,3.146
1 month,May,05/11/2023 00:00:00,3.159
1 month,May,05/12/2023 00:00:00,3.162
1 month,May,05/15/2023 00:00:00,3.15
1 month,May,05/16/2023 00:00:00,3.158
1 month,May,05/17/2023 00:00:00,3.152
1 month,May,05/18/2023 00:00:00,3.151
1 month,May,05/19/2023 00:00:00,3.134
1 month,May,05/22/2023 00:00:00,3.135
1 month,May,05/23/2023 00:00:00,3.142
1 month,May,05/24/2023 00:00:00,3.138
1 month,May,05/25/2023 00:00:00,3.198
1 month,May,05/26/2023 00:00:00,3.199
1 month,May,05/29/2023 00:00:00,3.213
1 month,May,05/30/2023 00:00:00,3.214
1 month,May,05/31/2023 00:00:00,3.211
1 month,June,06/01/2023 00:00:00,3.21
1 month,June,06/02/2023 00:00:00,3.218
1 month,June,06/05/2023 00:00:00,3.222
1 month,June,06/06/2023 00:00:00,3.254
1 month,June,06/07/2023 00:00:00,3.271
1 month,June,06/08/2023 00:00:00,3.258
1 month,June,06/09/2023 00:00:00,3.29
1 month,June,06/12/2023 00:00:00,3.315
1 month,June,06/13/2023 00:00:00,3.328
1 month,June,06/14/2023 00:00:00,3.338
1 month,June,06/15/2023 00:00:00,3.35
1 month,June,06/16/2023 00:00:00,3.355
1 month,June,06/19/2023 00:00:00,3.372
1 month,June,06/20/2023 00:00:00,3.383
1 month,June,06/21/2023 00:00:00,3.439
1 month,June,06/22/2023 00:00:00,3.413
1 month,June,06/23/2023 00:00:00,3.448
1 month,June,06/26/2023 00:00:00,3.429
1 month,June,06/27/2023 00:00:00,3.411
1 month,June,06/28/2023 00:00:00,3.418
1 month,June,06/29/2023 00:00:00,3.415
1 month,June,06/30/2023 00:00:00,3.399
1 month,July,07/03/2023 00:00:00,3.385
1 month,July,07/04/2023 00:00:00,3.388
1 month,July,07/05/2023 00:00:00,3.393
1 month,July,07/06/2023 00:00:00,3.377
1 month,July,07/07/2023 00:00:00,3.425
1 month,July,07/10/2023 00:00:00,3.438
1 month,July,07/11/2023 00:00:00,3.456
1 month,July,07/12/2023 00:00:00,3.457
1 month,July,07/13/2023 00:00:00,3.446
1 month,July,07/14/2023 00:00:00,3.464
1 month,July,07/17/2023 00:00:00,3.457
1 month,July,07/18/2023 00:00:00,3.465
1 month,July,07/19/2023 00:00:00,3.455
1 month,July,07/20/2023 00:00:00,3.472
1 month,July,07/21/2023 00:00:00,3.502
1 month,July,07/24/2023 00:00:00,3.475
1 month,July,07/25/2023 00:00:00,3.521
1 month,July,07/26/2023 00:00:00,3.545
1 month,July,07/27/2023 00:00:00,3.565
1 month,July,07/28/2023 00:00:00,3.585
1 month,July,07/31/2023 00:00:00,3.578
1 month,August,08/01/2023 00:00:00,3.58
1 month,August,08/02/2023 00:00:00,3.61
1 month,August,08/03/2023 00:00:00,3.609
1 month,August,08/04/2023 00:00:00,3.615
1 month,August,08/07/2023 00:00:00,3.638
1 month,August,08/08/2023 00:00:00,3.615
1 month,August,08/09/2023 00:00:00,3.625
1 month,August,08/10/2023 00:00:00,3.621
1 month,August,08/11/2023 00:00:00,3.638
1 month,August,08/14/2023 00:00:00,3.664
1 month,August,08/15/2023 00:00:00,3.627
1 month,August,08/16/2023 00:00:00,3.623
1 month,August,08/17/2023 00:00:00,3.632
1 month,August,08/18/2023 00:00:00,3.615
1 month,August,08/21/2023 00:00:00,3.612
1 month,August,08/22/2023 00:00:00,3.637
1 month,August,08/23/2023 00:00:00,3.642
1 month,August,08/24/2023 00:00:00,3.632
1 month,August,08/25/2023 00:00:00,3.62
1 month,August,08/28/2023 00:00:00,3.645
1 month,August,08/29/2023 00:00:00,3.631
1 month,August,08/30/2023 00:00:00,3.654
1 month,August,08/31/2023 00:00:00,3.637
1 month,September,09/01/2023 00:00:00,3.639
1 month,September,09/04/2023 00:00:00,3.636
1 month,September,09/05/2023 00:00:00,3.625
1 month,September,09/06/2023 00:00:00,3.651
1 month,September,09/07/2023 00:00:00,3.67
1 month,September,09/08/2023 00:00:00,3.682
1 month,September,09/11/2023 00:00:00,3.662
1 month,September,09/12/2023 00:00:00,3.699
1 month,September,09/13/2023 00:00:00,3.675
1 month,September,09/14/2023 00:00:00,3.725
1 month,September,09/15/2023 00:00:00,3.762
1 month,September,09/18/2023 00:00:00,3.762
1 month,September,09/19/2023 00:00:00,3.891
1 month,September,09/20/2023 00:00:00,3.834
1 month,September,09/21/2023 00:00:00,3.869
1 month,September,09/22/2023 00:00:00,3.872
1 month,September,09/25/2023 00:00:00,3.865
1 month,September,09/26/2023 00:00:00,3.843
1 month,September,09/27/2023 00:00:00,3.858
1 month,September,09/28/2023 00:00:00,3.845
1 month,September,09/29/2023 00:00:00,3.847
1 month,October,10/02/2023 00:00:00,3.858
1 month,October,10/03/2023 00:00:00,3.872
1 month,October,10/04/2023 00:00:00,3.834
1 month,October,10/05/2023 00:00:00,3.825
1 month,October,10/06/2023 00:00:00,3.863
1 month,October,10/09/2023 00:00:00,3.871
1 month,October,10/10/2023 00:00:00,3.864
1 month,October,10/11/2023 00:00:00,3.865
1 month,October,10/12/2023 00:00:00,3.872
1 month,October,10/13/2023 00:00:00,3.86
1 month,October,10/16/2023 00:00:00,3.862
1 month,October,10/17/2023 00:00:00,3.845
1 month,October,10/18/2023 00:00:00,3.864
1 month,October,10/19/2023 00:00:00,3.855
1 month,October,10/20/2023 00:00:00,3.863
1 month,October,10/23/2023 00:00:00,3.861
1 month,October,10/24/2023 00:00:00,3.842
1 month,October,10/25/2023 00:00:00,3.845
1 month,October,10/26/2023 00:00:00,3.883
1 month,October,10/27/2023 00:00:00,3.868
1 month,October,10/30/2023 00:00:00,3.893
1 month,October,10/31/2023 00:00:00,3.876
3 month,May,05/02/2023 00:00:00,3.274
3 month,May,05/03/2023 00:00:00,3.275
3 month,May,05/04/2023 00:00:00,3.281
3 month,May,05/05/2023 00:00:00,3.28
3 month,May,05/08/2023 00:00:00,3.312
3 month,May,05/09/2023 00:00:00,3.27
3 month,May,05/10/2023 00:00:00,3.301
3 month,May,05/11/2023 00:00:00,3.323
3 month,May,05/12/2023 00:00:00,3.348
3 month,May,05/15/2023 00:00:00,3.358
3 month,May,05/16/2023 00:00:00,3.382
3 month,May,05/17/2023 00:00:00,3.388
3 month,May,05/18/2023 00:00:00,3.383
3 month,May,05/19/2023 00:00:00,3.415
3 month,May,05/22/2023 00:00:00,3.412
3 month,May,05/23/2023 00:00:00,3.422
3 month,May,05/24/2023 00:00:00,3.415
3 month,May,05/25/2023 00:00:00,3.457
3 month,May,05/26/2023 00:00:00,3.462
3 month,May,05/29/2023 00:00:00,3.483
3 month,May,05/30/2023 00:00:00,3.474
3 month,May,05/31/2023 00:00:00,3.463
3 month,June,06/01/2023 00:00:00,3.462
3 month,June,06/02/2023 00:00:00,3.49
3 month,June,06/05/2023 00:00:00,3.493
3 month,June,06/06/2023 00:00:00,3.476
3 month,June,06/07/2023 00:00:00,3.459
3 month,June,06/08/2023 00:00:00,3.486
3 month,June,06/09/2023 00:00:00,3.469
3 month,June,06/12/2023 00:00:00,3.478
3 month,June,06/13/2023 00:00:00,3.526
3 month,June,06/14/2023 00:00:00,3.522
3 month,June,06/15/2023 00:00:00,3.547
3 month,June,06/16/2023 00:00:00,3.572
3 month,June,06/19/2023 00:00:00,3.551
3 month,June,06/20/2023 00:00:00,3.587
3 month,June,06/21/2023 00:00:00,3.568
3 month,June,06/22/2023 00:00:00,3.6
3 month,June,06/23/2023 00:00:00,3.61
3 month,June,06/26/2023 00:00:00,3.577
3 month,June,06/27/2023 00:00:00,3.554
3 month,June,06/28/2023 00:00:00,3.598
3 month,June,06/29/2023 00:00:00,3.587
3 month,June,06/30/2023 00:00:00,3.577
3 month,July,07/03/2023 00:00:00,3.597
3 month,July,07/04/2023 00:00:00,3.613
3 month,July,07/05/2023 00:00:00,3.589
3 month,July,07/06/2023 00:00:00,3.612
3 month,July,07/07/2023 00:00:00,3.64
3 month,July,07/10/2023 00:00:00,3.661
3 month,July,07/11/2023 00:00:00,3.672
3 month,July,07/12/2023 00:00:00,3.657
3 month,July,07/13/2023 00:00:00,3.663
3 month,July,07/14/2023 00:00:00,3.66
3 month,July,07/17/2023 00:00:00,3.685
3 month,July,07/18/2023 00:00:00,3.705
3 month,July,07/19/2023 00:00:00,3.646
3 month,July,07/20/2023 00:00:00,3.698
3 month,July,07/21/2023 00:00:00,3.721
3 month,July,07/24/2023 00:00:00,3.716
3 month,July,07/25/2023 00:00:00,3.705
3 month,July,07/26/2023 00:00:00,3.714
3 month,July,07/27/2023 00:00:00,3.714
3 month,July,07/28/2023 00:00:00,3.725
3 month,July,07/31/2023 00:00:00,3.715
3 month,August,08/01/2023 00:00:00,3.723
3 month,August,08/02/2023 00:00:00,3.733
3 month,August,08/03/2023 00:00:00,3.722
3 month,August,08/04/2023 00:00:00,3.743
3 month,August,08/07/2023 00:00:00,3.754
3 month,August,08/08/2023 00:00:00,3.765
3 month,August,08/09/2023 00:00:00,3.759
3 month,August,08/10/2023 00:00:00,3.788
3 month,August,08/11/2023 00:00:00,3.781
3 month,August,08/14/2023 00:00:00,3.799
3 month,August,08/15/2023 00:00:00,3.787
3 month,August,08/16/2023 00:00:00,3.798
3 month,August,08/17/2023 00:00:00,3.815
3 month,August,08/18/2023 00:00:00,3.816
3 month,August,08/21/2023 00:00:00,3.806
3 month,August,08/22/2023 00:00:00,3.808
3 month,August,08/23/2023 00:00:00,3.826
3 month,August,08/24/2023 00:00:00,3.784
3 month,August,08/25/2023 00:00:00,3.788
3 month,August,08/28/2023 00:00:00,3.771
3 month,August,08/29/2023 00:00:00,3.783
3 month,August,08/30/2023 00:00:00,3.803
3 month,August,08/31/2023 00:00:00,3.795
3 month,September,09/01/2023 00:00:00,3.77
3 month,September,09/04/2023 00:00:00,3.798
3 month,September,09/05/2023 00:00:00,3.802
3 month,September,09/06/2023 00:00:00,3.795
3 month,September,09/07/2023 00:00:00,3.799
3 month,September,09/08/2023 00:00:00,3.8
3 month,September,09/11/2023 00:00:00,3.822
3 month,September,09/12/2023 00:00:00,3.824
3 month,September,09/13/2023 00:00:00,3.845
3 month,September,09/14/2023 00:00:00,3.867
3 month,September,09/15/2023 00:00:00,3.878
3 month,September,09/18/2023 00:00:00,3.903
3 month,September,09/19/2023 00:00:00,3.934
3 month,September,09/20/2023 00:00:00,3.934
3 month,September,09/21/2023 00:00:00,3.955
3 month,September,09/22/2023 00:00:00,3.958
3 month,September,09/25/2023 00:00:00,3.977
3 month,September,09/26/2023 00:00:00,3.941
3 month,September,09/27/2023 00:00:00,3.972
3 month,September,09/28/2023 00:00:00,3.955
3 month,September,09/29/2023 00:00:00,3.952
3 month,October,10/02/2023 00:00:00,3.951
3 month,October,10/03/2023 00:00:00,3.964
3 month,October,10/04/2023 00:00:00,3.962
3 month,October,10/05/2023 00:00:00,3.972
3 month,October,10/06/2023 00:00:00,3.983
3 month,October,10/09/2023 00:00:00,3.98
3 month,October,10/10/2023 00:00:00,3.988
3 month,October,10/11/2023 00:00:00,3.952
3 month,October,10/12/2023 00:00:00,3.965
3 month,October,10/13/2023 00:00:00,3.985
3 month,October,10/16/2023 00:00:00,3.975
3 month,October,10/17/2023 00:00:00,3.972
3 month,October,10/18/2023 00:00:00,3.993
3 month,October,10/19/2023 00:00:00,4.002
3 month,October,10/20/2023 00:00:00,3.969
3 month,October,10/23/2023 00:00:00,3.956
3 month,October,10/24/2023 00:00:00,3.941
3 month,October,10/25/2023 00:00:00,3.938
3 month,October,10/26/2023 00:00:00,3.952
3 month,October,10/27/2023 00:00:00,3.948
3 month,October,10/30/2023 00:00:00,3.968
3 month,October,10/31/2023 00:00:00,3.972
6 month,May,05/02/2023 00:00:00,3.622
6 month,May,05/03/2023 00:00:00,3.644
6 month,May,05/04/2023 00:00:00,3.651
6 month,May,05/05/2023 00:00:00,3.575
6 month,May,05/08/2023 00:00:00,3.605
6 month,May,05/09/2023 00:00:00,3.608
6 month,May,05/10/2023 00:00:00,3.625
6 month,May,05/11/2023 00:00:00,3.629
6 month,May,05/12/2023 00:00:00,3.638
6 month,May,05/15/2023 00:00:00,3.663
6 month,May,05/16/2023 00:00:00,3.658
6 month,May,05/17/2023 00:00:00,3.671
6 month,May,05/18/2023 00:00:00,3.687
6 month,May,05/19/2023 00:00:00,3.707
6 month,May,05/22/2023 00:00:00,3.714
6 month,May,05/23/2023 00:00:00,3.732
6 month,May,05/24/2023 00:00:00,3.744
6 month,May,05/25/2023 00:00:00,3.769
6 month,May,05/26/2023 00:00:00,3.76
6 month,May,05/29/2023 00:00:00,3.781
6 month,May,05/30/2023 00:00:00,3.77
6 month,May,05/31/2023 00:00:00,3.746
6 month,June,06/01/2023 00:00:00,3.721
6 month,June,06/02/2023 00:00:00,3.728
6 month,June,06/05/2023 00:00:00,3.739
6 month,June,06/06/2023 00:00:00,3.715
6 month,June,06/07/2023 00:00:00,3.733
6 month,June,06/08/2023 00:00:00,3.757
6 month,June,06/09/2023 00:00:00,3.762
6 month,June,06/12/2023 00:00:00,3.753
6 month,June,06/13/2023 00:00:00,3.794
6 month,June,06/14/2023 00:00:00,3.79
6 month,June,06/15/2023 00:00:00,3.818
6 month,June,06/16/2023 00:00:00,3.822
6 month,June,06/19/2023 00:00:00,3.861
6 month,June,06/20/2023 00:00:00,3.892
6 month,June,06/21/2023 00:00:00,3.886
6 month,June,06/22/2023 00:00:00,3.907
6 month,June,06/23/2023 00:00:00,3.933
6 month,June,06/26/2023 00:00:00,3.908
6 month,June,06/27/2023 00:00:00,3.915
6 month,June,06/28/2023 00:00:00,3.93
6 month,June,06/29/2023 00:00:00,3.892
6 month,June,06/30/2023 00:00:00,3.9
6 month,July,07/03/2023 00:00:00,3.913
6 month,July,07/04/2023 00:00:00,3.888
6 month,July,07/05/2023 00:00:00,3.895
6 month,July,07/06/2023 00:00:00,3.905
6 month,July,07/07/2023 00:00:00,3.945
6 month,July,07/10/2023 00:00:00,3.931
6 month,July,07/11/2023 00:00:00,3.94
6 month,July,07/12/2023 00:00:00,3.955
6 month,July,07/13/2023 00:00:00,3.945
6 month,July,07/14/2023 00:00:00,3.941
6 month,July,07/17/2023 00:00:00,3.962
6 month,July,07/18/2023 00:00:00,3.962
6 month,July,07/19/2023 00:00:00,3.937
6 month,July,07/20/2023 00:00:00,3.952
6 month,July,07/21/2023 00:00:00,3.972
6 month,July,07/24/2023 00:00:00,3.972
6 month,July,07/25/2023 00:00:00,3.966
6 month,July,07/26/2023 00:00:00,3.952
6 month,July,07/27/2023 00:00:00,3.972
6 month,July,07/28/2023 00:00:00,3.958
6 month,July,07/31/2023 00:00:00,3.929
6 month,August,08/01/2023 00:00:00,3.948
6 month,August,08/02/2023 00:00:00,3.944
6 month,August,08/03/2023 00:00:00,3.937
6 month,August,08/04/2023 00:00:00,3.94
6 month,August,08/07/2023 00:00:00,3.949
6 month,August,08/08/2023 00:00:00,3.921
6 month,August,08/09/2023 00:00:00,3.927
6 month,August,08/10/2023 00:00:00,3.937
6 month,August,08/11/2023 00:00:00,3.928
6 month,August,08/14/2023 00:00:00,3.957
6 month,August,08/15/2023 00:00:00,3.943
6 month,August,08/16/2023 00:00:00,3.964
6 month,August,08/17/2023 00:00:00,3.941
6 month,August,08/18/2023 00:00:00,3.944
6 month,August,08/21/2023 00:00:00,3.941
6 month,August,08/22/2023 00:00:00,3.951
6 month,August,08/23/2023 00:00:00,3.953
6 month,August,08/24/2023 00:00:00,3.932
6 month,August,08/25/2023 00:00:00,3.935
6 month,August,08/28/2023 00:00:00,3.944
6 month,August,08/29/2023 00:00:00,3.944
6 month,August,08/30/2023 00:00:00,3.956
6 month,August,08/31/2023 00:00:00,3.987
6 month,September,09/01/2023 00:00:00,3.934
6 month,September,09/04/2023 00:00:00,3.955
6 month,September,09/05/2023 00:00:00,3.938
6 month,September,09/06/2023 00:00:00,3.929
6 month,September,09/07/2023 00:00:00,3.938
6 month,September,09/08/2023 00:00:00,3.952
6 month,September,09/11/2023 00:00:00,3.97
6 month,September,09/12/2023 00:00:00,3.968
6 month,September,09/13/2023 00:00:00,3.999
6 month,September,09/14/2023 00:00:00,4.04
6 month,September,09/15/2023 00:00:00,4.055
6 month,September,09/18/2023 00:00:00,4.066
6 month,September,09/19/2023 00:00:00,4.071
6 month,September,09/20/2023 00:00:00,4.07
6 month,September,09/21/2023 00:00:00,4.072
6 month,September,09/22/2023 00:00:00,4.082
6 month,September,09/25/2023 00:00:00,4.122
6 month,September,09/26/2023 00:00:00,4.09
6 month,September,09/27/2023 00:00:00,4.136
6 month,September,09/28/2023 00:00:00,4.125
6 month,September,09/29/2023 00:00:00,4.125
6 month,October,10/02/2023 00:00:00,4.138
6 month,October,10/03/2023 00:00:00,4.128
6 month,October,10/04/2023 00:00:00,4.13
6 month,October,10/05/2023 00:00:00,4.125
6 month,October,10/06/2023 00:00:00,4.113
6 month,October,10/09/2023 00:00:00,4.129
6 month,October,10/10/2023 00:00:00,4.112
6 month,October,10/11/2023 00:00:00,4.114
6 month,October,10/12/2023 00:00:00,4.121
6 month,October,10/13/2023 00:00:00,4.121
6 month,October,10/16/2023 00:00:00,4.103
6 month,October,10/17/2023 00:00:00,4.118
6 month,October,10/18/2023 00:00:00,4.143
6 month,October,10/19/2023 00:00:00,4.126
6 month,October,10/20/2023 00:00:00,4.107
6 month,October,10/23/2023 00:00:00,4.096
6 month,October,10/24/2023 00:00:00,4.102
6 month,October,10/25/2023 00:00:00,4.092
6 month,October,10/26/2023 00:00:00,4.105
6 month,October,10/27/2023 00:00:00,4.102
6 month,October,10/30/2023 00:00:00,4.109
6 month,October,10/31/2023 00:00:00,4.092
12 month,May,05/02/2023 00:00:00,3.822
12 month,May,05/03/2023 00:00:00,3.843
12 month,May,05/04/2023 00:00:00,3.843
12 month,May,05/05/2023 00:00:00,3.77
12 month,May,05/08/2023 00:00:00,3.79
12 month,May,05/09/2023 00:00:00,3.804
12 month,May,05/10/2023 00:00:00,3.808
12 month,May,05/11/2023 00:00:00,3.795
12 month,May,05/12/2023 00:00:00,3.799
12 month,May,05/15/2023 00:00:00,3.805
12 month,May,05/16/2023 00:00:00,3.807
12 month,May,05/17/2023 00:00:00,3.834
12 month,May,05/18/2023 00:00:00,3.858
12 month,May,05/19/2023 00:00:00,3.878
12 month,May,05/22/2023 00:00:00,3.893
12 month,May,05/23/2023 00:00:00,3.904
12 month,May,05/24/2023 00:00:00,3.932
12 month,May,05/25/2023 00:00:00,3.943
12 month,May,05/26/2023 00:00:00,3.955
12 month,May,05/29/2023 00:00:00,3.982
12 month,May,05/30/2023 00:00:00,3.965
12 month,May,05/31/2023 00:00:00,3.939
12 month,June,06/01/2023 00:00:00,3.875
12 month,June,06/02/2023 00:00:00,3.875
12 month,June,06/05/2023 00:00:00,3.884
12 month,June,06/06/2023 00:00:00,3.914
12 month,June,06/07/2023 00:00:00,3.923
12 month,June,06/08/2023 00:00:00,3.936
12 month,June,06/09/2023 00:00:00,3.928
12 month,June,06/12/2023 00:00:00,3.938
12 month,June,06/13/2023 00:00:00,3.942
12 month,June,06/14/2023 00:00:00,3.944
12 month,June,06/15/2023 00:00:00,3.965
12 month,June,06/16/2023 00:00:00,4.02
12 month,June,06/19/2023 00:00:00,4.046
12 month,June,06/20/2023 00:00:00,4.082
12 month,June,06/21/2023 00:00:00,4.088
12 month,June,06/22/2023 00:00:00,4.111
12 month,June,06/23/2023 00:00:00,4.147
12 month,June,06/26/2023 00:00:00,4.092
12 month,June,06/27/2023 00:00:00,4.094
12 month,June,06/28/2023 00:00:00,4.119
12 month,June,06/29/2023 00:00:00,4.103
12 month,June,06/30/2023 00:00:00,4.134
12 month,July,07/03/2023 00:00:00,4.145
12 month,July,07/04/2023 00:00:00,4.164
12 month,July,07/05/2023 00:00:00,4.165
12 month,July,07/06/2023 00:00:00,4.155
12 month,July,07/07/2023 00:00:00,4.193
12 month,July,07/10/2023 00:00:00,4.19
12 month,July,07/11/2023 00:00:00,4.184
12 month,July,07/12/2023 00:00:00,4.191
12 month,July,07/13/2023 00:00:00,4.174
12 month,July,07/14/2023 00:00:00,4.134
12 month,July,07/17/2023 00:00:00,4.15
12 month,July,07/18/2023 00:00:00,4.16
12 month,July,07/19/2023 00:00:00,4.121
12 month,July,07/20/2023 00:00:00,4.141
12 month,July,07/21/2023 00:00:00,4.162
12 month,July,07/24/2023 00:00:00,4.158
12 month,July,07/25/2023 00:00:00,4.114
12 month,July,07/26/2023 00:00:00,4.114
12 month,July,07/27/2023 00:00:00,4.14
12 month,July,07/28/2023 00:00:00,4.111
12 month,July,07/31/2023 00:00:00,4.064
12 month,August,08/01/2023 00:00:00,4.076
12 month,August,08/02/2023 00:00:00,4.081
12 month,August,08/03/2023 00:00:00,4.052
12 month,August,08/04/2023 00:00:00,4.045
12 month,August,08/07/2023 00:00:00,4.055
12 month,August,08/08/2023 00:00:00,4.065
12 month,August,08/09/2023 00:00:00,4.053
12 month,August,08/10/2023 00:00:00,4.052
12 month,August,08/11/2023 00:00:00,4.056
12 month,August,08/14/2023 00:00:00,4.076
12 month,August,08/15/2023 00:00:00,4.091
12 month,August,08/16/2023 00:00:00,4.116
12 month,August,08/17/2023 00:00:00,4.095
12 month,August,08/18/2023 00:00:00,4.091
12 month,August,08/21/2023 00:00:00,4.082
12 month,August,08/22/2023 00:00:00,4.106
12 month,August,08/23/2023 00:00:00,4.082
12 month,August,08/24/2023 00:00:00,4.048
12 month,August,08/25/2023 00:00:00,4.045
12 month,August,08/28/2023 00:00:00,4.07
12 month,August,08/29/2023 00:00:00,4.074
12 month,August,08/30/2023 00:00:00,4.065
12 month,August,08/31/2023 00:00:00,4.102
12 month,September,09/01/2023 00:00:00,4.055
12 month,September,09/04/2023 00:00:00,4.049
12 month,September,09/05/2023 00:00:00,4.068
12 month,September,09/06/2023 00:00:00,4.051
12 month,September,09/07/2023 00:00:00,4.078
12 month,September,09/08/2023 00:00:00,4.086
12 month,September,09/11/2023 00:00:00,4.081
12 month,September,09/12/2023 00:00:00,4.103
12 month,September,09/13/2023 00:00:00,4.112
12 month,September,09/14/2023 00:00:00,4.159
12 month,September,09/15/2023 00:00:00,4.169
12 month,September,09/18/2023 00:00:00,4.191
12 month,September,09/19/2023 00:00:00,4.216
12 month,September,09/20/2023 00:00:00,4.222
12 month,September,09/21/2023 00:00:00,4.224
12 month,September,09/22/2023 00:00:00,4.213
12 month,September,09/25/2023 00:00:00,4.208
12 month,September,09/26/2023 00:00:00,4.199
12 month,September,09/27/2023 00:00:00,4.2
12 month,September,09/28/2023 00:00:00,4.221
12 month,September,09/29/2023 00:00:00,4.228
12 month,October,10/02/2023 00:00:00,4.198
12 month,October,10/03/2023 00:00:00,4.208
12 month,October,10/04/2023 00:00:00,4.212
12 month,October,10/05/2023 00:00:00,4.212
12 month,October,10/06/2023 00:00:00,4.194
12 month,October,10/09/2023 00:00:00,4.187
12 month,October,10/10/2023 00:00:00,4.155
12 month,October,10/11/2023 00:00:00,4.145
12 month,October,10/12/2023 00:00:00,4.162
12 month,October,10/13/2023 00:00:00,4.171
12 month,October,10/16/2023 00:00:00,4.172
12 month,October,10/17/2023 00:00:00,4.16
12 month,October,10/18/2023 00:00:00,4.196
12 month,October,10/19/2023 00:00:00,4.184
12 month,October,10/20/2023 00:00:00,4.185
12 month,October,10/23/2023 00:00:00,4.145
12 month,October,10/24/2023 00:00:00,4.154
12 month,October,10/25/2023 00:00:00,4.118
12 month,October,10/26/2023 00:00:00,4.128
12 month,October,10/27/2023 00:00:00,4.104
12 month,October,10/30/2023 00:00:00,4.078
12 month,October,10/31/2023 00:00:00,4.052

txtb_row_title,txtb_year,txtb_currency,txtb_value
Date,31 Oct 2023,1 week,3.887
Date,31 Oct 2023,1 month,3.876
Date,31 Oct 2023,3 month,3.972
Date,31 Oct 2023,6 month,4.092
Date,31 Oct 2023,12 month,4.052
Date,30 Oct 2023,1 week,3.883
Date,30 Oct 2023,1 month,3.893
Date,30 Oct 2023,3 month,3.968
Date,30 Oct 2023,6 month,4.109
Date,30 Oct 2023,12 month,4.078
Date,27 Oct 2023,1 week,3.872
Date,27 Oct 2023,1 month,3.868
Date,27 Oct 2023,3 month,3.948
Date,27 Oct 2023,6 month,4.102
Date,27 Oct 2023,12 month,4.104
Date,26 Oct 2023,1 week,3.881
Date,26 Oct 2023,1 month,3.883
Date,26 Oct 2023,3 month,3.952
Date,26 Oct 2023,6 month,4.105
Date,26 Oct 2023,12 month,4.128
Date,25 Oct 2023,1 week,3.875
Date,25 Oct 2023,1 month,3.845
Date,25 Oct 2023,3 month,3.938
Date,25 Oct 2023,6 month,4.092
Date,25 Oct 2023,12 month,4.118
Date,24 Oct 2023,1 week,3.880
Date,24 Oct 2023,1 month,3.842
Date,24 Oct 2023,3 month,3.941
Date,24 Oct 2023,6 month,4.102
Date,24 Oct 2023,12 month,4.154
Date,23 Oct 2023,1 week,3.883
Date,23 Oct 2023,1 month,3.861
Date,23 Oct 2023,3 month,3.956
Date,23 Oct 2023,6 month,4.096
Date,23 Oct 2023,12 month,4.145
Date,20 Oct 2023,1 week,3.890
Date,20 Oct 2023,1 month,3.863
Date,20 Oct 2023,3 month,3.969
Date,20 Oct 2023,6 month,4.107
Date,20 Oct 2023,12 month,4.185
Date,19 Oct 2023,1 week,3.879
Date,19 Oct 2023,1 month,3.855
Date,19 Oct 2023,3 month,4.002
Date,19 Oct 2023,6 month,4.126
Date,19 Oct 2023,12 month,4.184
Date,18 Oct 2023,1 week,3.891
Date,18 Oct 2023,1 month,3.864
Date,18 Oct 2023,3 month,3.993
Date,18 Oct 2023,6 month,4.143
Date,18 Oct 2023,12 month,4.196
Date,17 Oct 2023,1 week,3.876
Date,17 Oct 2023,1 month,3.845
Date,17 Oct 2023,3 month,3.972
Date,17 Oct 2023,6 month,4.118
Date,17 Oct 2023,12 month,4.160
Date,16 Oct 2023,1 week,3.862
Date,16 Oct 2023,1 month,3.862
Date,16 Oct 2023,3 month,3.975
Date,16 Oct 2023,6 month,4.103
Date,16 Oct 2023,12 month,4.172
Date,13 Oct 2023,1 week,3.874
Date,13 Oct 2023,1 month,3.860
Date,13 Oct 2023,3 month,3.985
Date,13 Oct 2023,6 month,4.121
Date,13 Oct 2023,12 month,4.171
Date,12 Oct 2023,1 week,3.882
Date,12 Oct 2023,1 month,3.872
Date,12 Oct 2023,3 month,3.965
Date,12 Oct 2023,6 month,4.121
Date,12 Oct 2023,12 month,4.162
Date,11 Oct 2023,1 week,3.897
Date,11 Oct 2023,1 month,3.865
Date,11 Oct 2023,3 month,3.952
Date,11 Oct 2023,6 month,4.114
Date,11 Oct 2023,12 month,4.145
Date,10 Oct 2023,1 week,3.878
Date,10 Oct 2023,1 month,3.864
Date,10 Oct 2023,3 month,3.988
Date,10 Oct 2023,6 month,4.112
Date,10 Oct 2023,12 month,4.155
Date,9 Oct 2023,1 week,3.896
Date,9 Oct 2023,1 month,3.871
Date,9 Oct 2023,3 month,3.980
Date,9 Oct 2023,6 month,4.129
Date,9 Oct 2023,12 month,4.187
Date,6 Oct 2023,1 week,3.898
Date,6 Oct 2023,1 month,3.863
Date,6 Oct 2023,3 month,3.983
Date,6 Oct 2023,6 month,4.113
Date,6 Oct 2023,12 month,4.194
Date,5 Oct 2023,1 week,3.885
Date,5 Oct 2023,1 month,3.825
Date,5 Oct 2023,3 month,3.972
Date,5 Oct 2023,6 month,4.125
Date,5 Oct 2023,12 month,4.212
Date,4 Oct 2023,1 week,3.885
Date,4 Oct 2023,1 month,3.834
Date,4 Oct 2023,3 month,3.962
Date,4 Oct 2023,6 month,4.130
Date,4 Oct 2023,12 month,4.212
Date,3 Oct 2023,1 week,3.889
Date,3 Oct 2023,1 month,3.872
Date,3 Oct 2023,3 month,3.964
Date,3 Oct 2023,6 month,4.128
Date,3 Oct 2023,12 month,4.208
Date,2 Oct 2023,1 week,3.858
Date,2 Oct 2023,1 month,3.858
Date,2 Oct 2023,3 month,3.951
Date,2 Oct 2023,6 month,4.138
Date,2 Oct 2023,12 month,4.198
Date,29 Sep 2023,1 week,3.872
Date,29 Sep 2023,1 month,3.847
Date,29 Sep 2023,3 month,3.952
Date,29 Sep 2023,6 month,4.125
Date,29 Sep 2023,12 month,4.228
Date,28 Sep 2023,1 week,3.892
Date,28 Sep 2023,1 month,3.845
Date,28 Sep 2023,3 month,3.955
Date,28 Sep 2023,6 month,4.125
Date,28 Sep 2023,12 month,4.221
Date,27 Sep 2023,1 week,3.881
Date,27 Sep 2023,1 month,3.858
Date,27 Sep 2023,3 month,3.972
Date,27 Sep 2023,6 month,4.136
Date,27 Sep 2023,12 month,4.200
Date,26 Sep 2023,1 week,3.882
Date,26 Sep 2023,1 month,3.843
Date,26 Sep 2023,3 month,3.941
Date,26 Sep 2023,6 month,4.090
Date,26 Sep 2023,12 month,4.199
Date,25 Sep 2023,1 week,3.883
Date,25 Sep 2023,1 month,3.865
Date,25 Sep 2023,3 month,3.977
Date,25 Sep 2023,6 month,4.122
Date,25 Sep 2023,12 month,4.208
Date,22 Sep 2023,1 week,3.875
Date,22 Sep 2023,1 month,3.872
Date,22 Sep 2023,3 month,3.958
Date,22 Sep 2023,6 month,4.082
Date,22 Sep 2023,12 month,4.213
Date,21 Sep 2023,1 week,3.895
Date,21 Sep 2023,1 month,3.869
Date,21 Sep 2023,3 month,3.955
Date,21 Sep 2023,6 month,4.072
Date,21 Sep 2023,12 month,4.224
Date,20 Sep 2023,1 week,3.878
Date,20 Sep 2023,1 month,3.834
Date,20 Sep 2023,3 month,3.934
Date,20 Sep 2023,6 month,4.070
Date,20 Sep 2023,12 month,4.222
Date,19 Sep 2023,1 week,3.777
Date,19 Sep 2023,1 month,3.891
Date,19 Sep 2023,3 month,3.934
Date,19 Sep 2023,6 month,4.071
Date,19 Sep 2023,12 month,4.216
Date,18 Sep 2023,1 week,3.715
Date,18 Sep 2023,1 month,3.762
Date,18 Sep 2023,3 month,3.903
Date,18 Sep 2023,6 month,4.066
Date,18 Sep 2023,12 month,4.191
Date,15 Sep 2023,1 week,3.690
Date,15 Sep 2023,1 month,3.762
Date,15 Sep 2023,3 month,3.878
Date,15 Sep 2023,6 month,4.055
Date,15 Sep 2023,12 month,4.169
Date,14 Sep 2023,1 week,3.674
Date,14 Sep 2023,1 month,3.725
Date,14 Sep 2023,3 month,3.867
Date,14 Sep 2023,6 month,4.040
Date,14 Sep 2023,12 month,4.159
Date,13 Sep 2023,1 week,3.651
Date,13 Sep 2023,1 month,3.675
Date,13 Sep 2023,3 month,3.845
Date,13 Sep 2023,6 month,3.999
Date,13 Sep 2023,12 month,4.112
Date,12 Sep 2023,1 week,3.632
Date,12 Sep 2023,1 month,3.699
Date,12 Sep 2023,3 month,3.824
Date,12 Sep 2023,6 month,3.968
Date,12 Sep 2023,12 month,4.103
Date,11 Sep 2023,1 week,3.639
Date,11 Sep 2023,1 month,3.662
Date,11 Sep 2023,3 month,3.822
Date,11 Sep 2023,6 month,3.970
Date,11 Sep 2023,12 month,4.081
Date,8 Sep 2023,1 week,3.659
Date,8 Sep 2023,1 month,3.682
Date,8 Sep 2023,3 month,3.800
Date,8 Sep 2023,6 month,3.952
Date,8 Sep 2023,12 month,4.086
Date,7 Sep 2023,1 week,3.645
Date,7 Sep 2023,1 month,3.670
Date,7 Sep 2023,3 month,3.799
Date,7 Sep 2023,6 month,3.938
Date,7 Sep 2023,12 month,4.078
Date,6 Sep 2023,1 week,3.628
Date,6 Sep 2023,1 month,3.651
Date,6 Sep 2023,3 month,3.795
Date,6 Sep 2023,6 month,3.929
Date,6 Sep 2023,12 month,4.051
Date,5 Sep 2023,1 week,3.622
Date,5 Sep 2023,1 month,3.625
Date,5 Sep 2023,3 month,3.802
Date,5 Sep 2023,6 month,3.938
Date,5 Sep 2023,12 month,4.068
Date,4 Sep 2023,1 week,3.636
Date,4 Sep 2023,1 month,3.636
Date,4 Sep 2023,3 month,3.798
Date,4 Sep 2023,6 month,3.955
Date,4 Sep 2023,12 month,4.049
Date,1 Sep 2023,1 week,3.642
Date,1 Sep 2023,1 month,3.639
Date,1 Sep 2023,3 month,3.770
Date,1 Sep 2023,6 month,3.934
Date,1 Sep 2023,12 month,4.055
Date,31 Aug 2023,1 week,3.645
Date,31 Aug 2023,1 month,3.637
Date,31 Aug 2023,3 month,3.795
Date,31 Aug 2023,6 month,3.987
Date,31 Aug 2023,12 month,4.102
Date,30 Aug 2023,1 week,3.651
Date,30 Aug 2023,1 month,3.654
Date,30 Aug 2023,3 month,3.803
Date,30 Aug 2023,6 month,3.956
Date,30 Aug 2023,12 month,4.065
Date,29 Aug 2023,1 week,3.638
Date,29 Aug 2023,1 month,3.631
Date,29 Aug 2023,3 month,3.783
Date,29 Aug 2023,6 month,3.944
Date,29 Aug 2023,12 month,4.074
Date,28 Aug 2023,1 week,3.628
Date,28 Aug 2023,1 month,3.645
Date,28 Aug 2023,3 month,3.771
Date,28 Aug 2023,6 month,3.944
Date,28 Aug 2023,12 month,4.070
Date,25 Aug 2023,1 week,3.648
Date,25 Aug 2023,1 month,3.620
Date,25 Aug 2023,3 month,3.788
Date,25 Aug 2023,6 month,3.935
Date,25 Aug 2023,12 month,4.045
Date,24 Aug 2023,1 week,3.638
Date,24 Aug 2023,1 month,3.632
Date,24 Aug 2023,3 month,3.784
Date,24 Aug 2023,6 month,3.932
Date,24 Aug 2023,12 month,4.048
Date,23 Aug 2023,1 week,3.640
Date,23 Aug 2023,1 month,3.642
Date,23 Aug 2023,3 month,3.826
Date,23 Aug 2023,6 month,3.953
Date,23 Aug 2023,12 month,4.082
Date,22 Aug 2023,1 week,3.628
Date,22 Aug 2023,1 month,3.637
Date,22 Aug 2023,3 month,3.808
Date,22 Aug 2023,6 month,3.951
Date,22 Aug 2023,12 month,4.106
Date,21 Aug 2023,1 week,3.631
Date,21 Aug 2023,1 month,3.612
Date,21 Aug 2023,3 month,3.806
Date,21 Aug 2023,6 month,3.941
Date,21 Aug 2023,12 month,4.082
Date,18 Aug 2023,1 week,3.634
Date,18 Aug 2023,1 month,3.615
Date,18 Aug 2023,3 month,3.816
Date,18 Aug 2023,6 month,3.944
Date,18 Aug 2023,12 month,4.091
Date,17 Aug 2023,1 week,3.640
Date,17 Aug 2023,1 month,3.632
Date,17 Aug 2023,3 month,3.815
Date,17 Aug 2023,6 month,3.941
Date,17 Aug 2023,12 month,4.095
Date,16 Aug 2023,1 week,3.637
Date,16 Aug 2023,1 month,3.623
Date,16 Aug 2023,3 month,3.798
Date,16 Aug 2023,6 month,3.964
Date,16 Aug 2023,12 month,4.116
Date,15 Aug 2023,1 week,3.608
Date,15 Aug 2023,1 month,3.627
Date,15 Aug 2023,3 month,3.787
Date,15 Aug 2023,6 month,3.943
Date,15 Aug 2023,12 month,4.091
Date,14 Aug 2023,1 week,3.641
Date,14 Aug 2023,1 month,3.664
Date,14 Aug 2023,3 month,3.799
Date,14 Aug 2023,6 month,3.957
Date,14 Aug 2023,12 month,4.076
Date,11 Aug 2023,1 week,3.628
Date,11 Aug 2023,1 month,3.638
Date,11 Aug 2023,3 month,3.781
Date,11 Aug 2023,6 month,3.928
Date,11 Aug 2023,12 month,4.056
Date,10 Aug 2023,1 week,3.647
Date,10 Aug 2023,1 month,3.621
Date,10 Aug 2023,3 month,3.788
Date,10 Aug 2023,6 month,3.937
Date,10 Aug 2023,12 month,4.052
Date,9 Aug 2023,1 week,3.647
Date,9 Aug 2023,1 month,3.625
Date,9 Aug 2023,3 month,3.759
Date,9 Aug 2023,6 month,3.927
Date,9 Aug 2023,12 month,4.053
Date,8 Aug 2023,1 week,3.640
Date,8 Aug 2023,1 month,3.615
Date,8 Aug 2023,3 month,3.765
Date,8 Aug 2023,6 month,3.921
Date,8 Aug 2023,12 month,4.065
Date,7 Aug 2023,1 week,3.637
Date,7 Aug 2023,1 month,3.638
Date,7 Aug 2023,3 month,3.754
Date,7 Aug 2023,6 month,3.949
Date,7 Aug 2023,12 month,4.055
Date,4 Aug 2023,1 week,3.643
Date,4 Aug 2023,1 month,3.615
Date,4 Aug 2023,3 month,3.743
Date,4 Aug 2023,6 month,3.940
Date,4 Aug 2023,12 month,4.045
Date,3 Aug 2023,1 week,3.638
Date,3 Aug 2023,1 month,3.609
Date,3 Aug 2023,3 month,3.722
Date,3 Aug 2023,6 month,3.937
Date,3 Aug 2023,12 month,4.052
Date,2 Aug 2023,1 week,3.610
Date,2 Aug 2023,1 month,3.610
Date,2 Aug 2023,3 month,3.733
Date,2 Aug 2023,6 month,3.944
Date,2 Aug 2023,12 month,4.081
Date,1 Aug 2023,1 week,3.532
Date,1 Aug 2023,1 month,3.580
Date,1 Aug 2023,3 month,3.723
Date,1 Aug 2023,6 month,3.948
Date,1 Aug 2023,12 month,4.076
Date,31 Jul 2023,1 week,3.455
Date,31 Jul 2023,1 month,3.578
Date,31 Jul 2023,3 month,3.715
Date,31 Jul 2023,6 month,3.929
Date,31 Jul 2023,12 month,4.064
Date,28 Jul 2023,1 week,3.465
Date,28 Jul 2023,1 month,3.585
Date,28 Jul 2023,3 month,3.725
Date,28 Jul 2023,6 month,3.958
Date,28 Jul 2023,12 month,4.111
Date,27 Jul 2023,1 week,3.422
Date,27 Jul 2023,1 month,3.565
Date,27 Jul 2023,3 month,3.714
Date,27 Jul 2023,6 month,3.972
Date,27 Jul 2023,12 month,4.140
Date,26 Jul 2023,1 week,3.401
Date,26 Jul 2023,1 month,3.545
Date,26 Jul 2023,3 month,3.714
Date,26 Jul 2023,6 month,3.952
Date,26 Jul 2023,12 month,4.114
Date,25 Jul 2023,1 week,3.392
Date,25 Jul 2023,1 month,3.521
Date,25 Jul 2023,3 month,3.705
Date,25 Jul 2023,6 month,3.966
Date,25 Jul 2023,12 month,4.114
Date,24 Jul 2023,1 week,3.401
Date,24 Jul 2023,1 month,3.475
Date,24 Jul 2023,3 month,3.716
Date,24 Jul 2023,6 month,3.972
Date,24 Jul 2023,12 month,4.158
Date,21 Jul 2023,1 week,3.394
Date,21 Jul 2023,1 month,3.502
Date,21 Jul 2023,3 month,3.721
Date,21 Jul 2023,6 month,3.972
Date,21 Jul 2023,12 month,4.162
Date,20 Jul 2023,1 week,3.402
Date,20 Jul 2023,1 month,3.472
Date,20 Jul 2023,3 month,3.698
Date,20 Jul 2023,6 month,3.952
Date,20 Jul 2023,12 month,4.141
Date,19 Jul 2023,1 week,3.395
Date,19 Jul 2023,1 month,3.455
Date,19 Jul 2023,3 month,3.646
Date,19 Jul 2023,6 month,3.937
Date,19 Jul 2023,12 month,4.121
Date,18 Jul 2023,1 week,3.379
Date,18 Jul 2023,1 month,3.465
Date,18 Jul 2023,3 month,3.705
Date,18 Jul 2023,6 month,3.962
Date,18 Jul 2023,12 month,4.160
Date,17 Jul 2023,1 week,3.381
Date,17 Jul 2023,1 month,3.457
Date,17 Jul 2023,3 month,3.685
Date,17 Jul 2023,6 month,3.962
Date,17 Jul 2023,12 month,4.150
Date,14 Jul 2023,1 week,3.393
Date,14 Jul 2023,1 month,3.464
Date,14 Jul 2023,3 month,3.660
Date,14 Jul 2023,6 month,3.941
Date,14 Jul 2023,12 month,4.134
Date,13 Jul 2023,1 week,3.391
Date,13 Jul 2023,1 month,3.446
Date,13 Jul 2023,3 month,3.663
Date,13 Jul 2023,6 month,3.945
Date,13 Jul 2023,12 month,4.174
Date,12 Jul 2023,1 week,3.387
Date,12 Jul 2023,1 month,3.457
Date,12 Jul 2023,3 month,3.657
Date,12 Jul 2023,6 month,3.955
Date,12 Jul 2023,12 month,4.191
Date,11 Jul 2023,1 week,3.386
Date,11 Jul 2023,1 month,3.456
Date,11 Jul 2023,3 month,3.672
Date,11 Jul 2023,6 month,3.940
Date,11 Jul 2023,12 month,4.184
Date,10 Jul 2023,1 week,3.395
Date,10 Jul 2023,1 month,3.438
Date,10 Jul 2023,3 month,3.661
Date,10 Jul 2023,6 month,3.931
Date,10 Jul 2023,12 month,4.190
Date,7 Jul 2023,1 week,3.393
Date,7 Jul 2023,1 month,3.425
Date,7 Jul 2023,3 month,3.640
Date,7 Jul 2023,6 month,3.945
Date,7 Jul 2023,12 month,4.193
Date,6 Jul 2023,1 week,3.398
Date,6 Jul 2023,1 month,3.377
Date,6 Jul 2023,3 month,3.612
Date,6 Jul 2023,6 month,3.905
Date,6 Jul 2023,12 month,4.155
Date,5 Jul 2023,1 week,3.388
Date,5 Jul 2023,1 month,3.393
Date,5 Jul 2023,3 month,3.589
Date,5 Jul 2023,6 month,3.895
Date,5 Jul 2023,12 month,4.165
Date,4 Jul 2023,1 week,3.378
Date,4 Jul 2023,1 month,3.388
Date,4 Jul 2023,3 month,3.613
Date,4 Jul 2023,6 month,3.888
Date,4 Jul 2023,12 month,4.164
Date,3 Jul 2023,1 week,3.388
Date,3 Jul 2023,1 month,3.385
Date,3 Jul 2023,3 month,3.597
Date,3 Jul 2023,6 month,3.913
Date,3 Jul 2023,12 month,4.145
Date,30 Jun 2023,1 week,3.362
Date,30 Jun 2023,1 month,3.399
Date,30 Jun 2023,3 month,3.577
Date,30 Jun 2023,6 month,3.900
Date,30 Jun 2023,12 month,4.134
Date,29 Jun 2023,1 week,3.415
Date,29 Jun 2023,1 month,3.415
Date,29 Jun 2023,3 month,3.587
Date,29 Jun 2023,6 month,3.892
Date,29 Jun 2023,12 month,4.103
Date,28 Jun 2023,1 week,3.391
Date,28 Jun 2023,1 month,3.418
Date,28 Jun 2023,3 month,3.598
Date,28 Jun 2023,6 month,3.930
Date,28 Jun 2023,12 month,4.119
Date,27 Jun 2023,1 week,3.394
Date,27 Jun 2023,1 month,3.411
Date,27 Jun 2023,3 month,3.554
Date,27 Jun 2023,6 month,3.915
Date,27 Jun 2023,12 month,4.094
Date,26 Jun 2023,1 week,3.382
Date,26 Jun 2023,1 month,3.429
Date,26 Jun 2023,3 month,3.577
Date,26 Jun 2023,6 month,3.908
Date,26 Jun 2023,12 month,4.092
Date,23 Jun 2023,1 week,3.396
Date,23 Jun 2023,1 month,3.448
Date,23 Jun 2023,3 month,3.610
Date,23 Jun 2023,6 month,3.933
Date,23 Jun 2023,12 month,4.147
Date,22 Jun 2023,1 week,3.401
Date,22 Jun 2023,1 month,3.413
Date,22 Jun 2023,3 month,3.600
Date,22 Jun 2023,6 month,3.907
Date,22 Jun 2023,12 month,4.111
Date,21 Jun 2023,1 week,3.363
Date,21 Jun 2023,1 month,3.439
Date,21 Jun 2023,3 month,3.568
Date,21 Jun 2023,6 month,3.886
Date,21 Jun 2023,12 month,4.088
Date,20 Jun 2023,1 week,3.312
Date,20 Jun 2023,1 month,3.383
Date,20 Jun 2023,3 month,3.587
Date,20 Jun 2023,6 month,3.892
Date,20 Jun 2023,12 month,4.082
Date,19 Jun 2023,1 week,3.209
Date,19 Jun 2023,1 month,3.372
Date,19 Jun 2023,3 month,3.551
Date,19 Jun 2023,6 month,3.861
Date,19 Jun 2023,12 month,4.046
Date,16 Jun 2023,1 week,3.234
Date,16 Jun 2023,1 month,3.355
Date,16 Jun 2023,3 month,3.572
Date,16 Jun 2023,6 month,3.822
Date,16 Jun 2023,12 month,4.020
Date,15 Jun 2023,1 week,3.202
Date,15 Jun 2023,1 month,3.350
Date,15 Jun 2023,3 month,3.547
Date,15 Jun 2023,6 month,3.818
Date,15 Jun 2023,12 month,3.965
Date,14 Jun 2023,1 week,3.159
Date,14 Jun 2023,1 month,3.338
Date,14 Jun 2023,3 month,3.522
Date,14 Jun 2023,6 month,3.790
Date,14 Jun 2023,12 month,3.944
Date,13 Jun 2023,1 week,3.131
Date,13 Jun 2023,1 month,3.328
Date,13 Jun 2023,3 month,3.526
Date,13 Jun 2023,6 month,3.794
Date,13 Jun 2023,12 month,3.942
Date,12 Jun 2023,1 week,3.136
Date,12 Jun 2023,1 month,3.315
Date,12 Jun 2023,3 month,3.478
Date,12 Jun 2023,6 month,3.753
Date,12 Jun 2023,12 month,3.938
Date,9 Jun 2023,1 week,3.128
Date,9 Jun 2023,1 month,3.290
Date,9 Jun 2023,3 month,3.469
Date,9 Jun 2023,6 month,3.762
Date,9 Jun 2023,12 month,3.928
Date,8 Jun 2023,1 week,3.153
Date,8 Jun 2023,1 month,3.258
Date,8 Jun 2023,3 month,3.486
Date,8 Jun 2023,6 month,3.757
Date,8 Jun 2023,12 month,3.936
Date,7 Jun 2023,1 week,3.136
Date,7 Jun 2023,1 month,3.271
Date,7 Jun 2023,3 month,3.459
Date,7 Jun 2023,6 month,3.733
Date,7 Jun 2023,12 month,3.923
Date,6 Jun 2023,1 week,3.152
Date,6 Jun 2023,1 month,3.254
Date,6 Jun 2023,3 month,3.476
Date,6 Jun 2023,6 month,3.715
Date,6 Jun 2023,12 month,3.914
Date,5 Jun 2023,1 week,3.134
Date,5 Jun 2023,1 month,3.222
Date,5 Jun 2023,3 month,3.493
Date,5 Jun 2023,6 month,3.739
Date,5 Jun 2023,12 month,3.884
Date,2 Jun 2023,1 week,3.121
Date,2 Jun 2023,1 month,3.218
Date,2 Jun 2023,3 month,3.490
Date,2 Jun 2023,6 month,3.728
Date,2 Jun 2023,12 month,3.875
Date,1 Jun 2023,1 week,3.154
Date,1 Jun 2023,1 month,3.210
Date,1 Jun 2023,3 month,3.462
Date,1 Jun 2023,6 month,3.721
Date,1 Jun 2023,12 month,3.875
Date,31 May 2023,1 week,3.122
Date,31 May 2023,1 month,3.211
Date,31 May 2023,3 month,3.463
Date,31 May 2023,6 month,3.746
Date,31 May 2023,12 month,3.939
Date,30 May 2023,1 week,3.140
Date,30 May 2023,1 month,3.214
Date,30 May 2023,3 month,3.474
Date,30 May 2023,6 month,3.770
Date,30 May 2023,12 month,3.965
Date,29 May 2023,1 week,3.146
Date,29 May 2023,1 month,3.213
Date,29 May 2023,3 month,3.483
Date,29 May 2023,6 month,3.781
Date,29 May 2023,12 month,3.982
Date,26 May 2023,1 week,3.125
Date,26 May 2023,1 month,3.199
Date,26 May 2023,3 month,3.462
Date,26 May 2023,6 month,3.760
Date,26 May 2023,12 month,3.955
Date,25 May 2023,1 week,3.152
Date,25 May 2023,1 month,3.198
Date,25 May 2023,3 month,3.457
Date,25 May 2023,6 month,3.769
Date,25 May 2023,12 month,3.943
Date,24 May 2023,1 week,3.115
Date,24 May 2023,1 month,3.138
Date,24 May 2023,3 month,3.415
Date,24 May 2023,6 month,3.744
Date,24 May 2023,12 month,3.932
Date,23 May 2023,1 week,3.152
Date,23 May 2023,1 month,3.142
Date,23 May 2023,3 month,3.422
Date,23 May 2023,6 month,3.732
Date,23 May 2023,12 month,3.904
Date,22 May 2023,1 week,3.132
Date,22 May 2023,1 month,3.135
Date,22 May 2023,3 month,3.412
Date,22 May 2023,6 month,3.714
Date,22 May 2023,12 month,3.893
Date,19 May 2023,1 week,3.129
Date,19 May 2023,1 month,3.134
Date,19 May 2023,3 month,3.415
Date,19 May 2023,6 month,3.707
Date,19 May 2023,12 month,3.878
Date,18 May 2023,1 week,3.137
Date,18 May 2023,1 month,3.151
Date,18 May 2023,3 month,3.383
Date,18 May 2023,6 month,3.687
Date,18 May 2023,12 month,3.858
Date,17 May 2023,1 week,3.112
Date,17 May 2023,1 month,3.152
Date,17 May 2023,3 month,3.388
Date,17 May 2023,6 month,3.671
Date,17 May 2023,12 month,3.834
Date,16 May 2023,1 week,3.147
Date,16 May 2023,1 month,3.158
Date,16 May 2023,3 month,3.382
Date,16 May 2023,6 month,3.658
Date,16 May 2023,12 month,3.807
Date,15 May 2023,1 week,3.145
Date,15 May 2023,1 month,3.150
Date,15 May 2023,3 month,3.358
Date,15 May 2023,6 month,3.663
Date,15 May 2023,12 month,3.805
Date,12 May 2023,1 week,3.127
Date,12 May 2023,1 month,3.162
Date,12 May 2023,3 month,3.348
Date,12 May 2023,6 month,3.638
Date,12 May 2023,12 month,3.799
Date,11 May 2023,1 week,3.126
Date,11 May 2023,1 month,3.159
Date,11 May 2023,3 month,3.323
Date,11 May 2023,6 month,3.629
Date,11 May 2023,12 month,3.795
Date,10 May 2023,1 week,3.096
Date,10 May 2023,1 month,3.146
Date,10 May 2023,3 month,3.301
Date,10 May 2023,6 month,3.625
Date,10 May 2023,12 month,3.808
Date,9 May 2023,1 week,3.078
Date,9 May 2023,1 month,3.161
Date,9 May 2023,3 month,3.270
Date,9 May 2023,6 month,3.608
Date,9 May 2023,12 month,3.804
Date,8 May 2023,1 week,3.012
Date,8 May 2023,1 month,3.138
Date,8 May 2023,3 month,3.312
Date,8 May 2023,6 month,3.605
Date,8 May 2023,12 month,3.790
Date,5 May 2023,1 week,2.950
Date,5 May 2023,1 month,3.099
Date,5 May 2023,3 month,3.280
Date,5 May 2023,6 month,3.575
Date,5 May 2023,12 month,3.770
Date,4 May 2023,1 week,2.902
Date,4 May 2023,1 month,3.112
Date,4 May 2023,3 month,3.281
Date,4 May 2023,6 month,3.651
Date,4 May 2023,12 month,3.843
Date,3 May 2023,1 week,2.910
Date,3 May 2023,1 month,3.088
Date,3 May 2023,3 month,3.275
Date,3 May 2023,6 month,3.644
Date,3 May 2023,12 month,3.843
Date,2 May 2023,1 week,2.910
Date,2 May 2023,1 month,3.093
Date,2 May 2023,3 month,3.274
Date,2 May 2023,6 month,3.622
Date,2 May 2023,12 month,3.822

